question,answer
Q1,R1
mon TL ne fonctionne plus,est ce que c'est le lire lait qui ne s'allume plus ou bien il n'aspire pas
je ne sais pas encore ma taille. (pour une location),"On vas vous envoyer plusieurs taille (dépendant du modèle choisi) la taille 21mm,19mm,17mm et 15mm, OU la cslr vas amener plusieurs tailles et vous assistera sur place."
l'une des deux téterelles n'aspire pas,il faut verifier toutes les pieces des teterelles à la lumiere du jours et voir s'il y a des fissure ou une dilatation
mon chargeur est cassée,si c'est un Mamivac il faut envoyé une photo du bout du chargeur qui rentre dans le TL par mail
mon tire lait manque de puissance,ça vient soit de tire lait soit des téterelles
la valve de ma tèterelle est déchirée,il faut changer la pièce déchirée
mon TL ne tient plus la charge,on vous envoi un autre chargeur
j'ai des doutes au niveaux de la taille de ma téterelle,"dans la téterelle il faut que le mamelon soit la seule partie aspiré dedans , il ne faut pas qu'il y a un effet frottement contre les parois de la téterelle et il ne faut pas que l'aréole rentre dans la téterelle avec le mamelon"
"Moon pro,  un pb d'aspiration remarqué en effectuant le tirage sein après l'autre",Il faut vérifier que le deuxième orifice est fermé
pourquoi le sepa,une garantie ou cas ou vous gardez le TL sans envoyé d'ordonnance ou si vous ne renvoyer pas le matériels
je tire rien avec le tire lait,elle a oublié de placer la valve 1/2 sphère
La batterie ne se charge pas (Moon Pro),Aprés vérification je lui ai envoyer d'un nouveau TL
je tire moins bien qu'au début,Son bébé a 3 mois et elle utilise toujours le paramétrage de base elle n'a pas ralenti la vitesse et n'a pas augmenté la puissance
"J’ai reçu une relance me demandant de renvoyer une nouvelle ordonnance, alors que je vous en ai déjà transmis une valable pour 6 mois","L’ordonnance initiale n’est valable que 10 semaines. Ensuite, conformément à la réglementation de la Sécurité sociale, vous devez nous transmettre une nouvelle prescription de prolongation tous les 3 mois"
je souhaite louer un tire lait à main libre,les tires lait mains libres ne sont pas pris en charge par la sécurité sociale par contre nous proposons des tires lait électriques à la location qui sont pris par la sécu .
"J’ai reçu un appel concernant le rendez-vous en visioconférence, mais je n’arrive pas à le réserver car on me demande un numéro client ou un numéro de tire-lait.",Le numéro de votre tire lait est collé sur la machine ça commence par TIR.
Je n'ai pas encore reçu ma facture de 15 €,"Vous recevrez la facture par mail dans un délai maximum de trois jours. Si vous ne la recevez pas d’ici là, n’hésitez pas à nous recontacter"
la batterie de mon tire lait ne tient plus de charge et quand je le branche sur secteur aussi ça se charge plus,je vous envoie un nouveau tire lait
faible aspiration,"(après avoir vérifier que tt est bon au niveau des parties en silicone, des tuyaux et que c'est la bonne taille) envoyer un nouveau TL"
Je souhaiterais procéder à un échange de tire-lait. Ma sage-femme m’a recommandé le modèle Spectra S1,"Le Spectra est en rupture de stock en ce moment, les quantités sont assez limitées et la demande est très importante.
Nous n'avons pas encore de date de réapprovisionnement à vous communiquer."
Le tactile du Moon Pro ne fonctionne pas,Il faut lui envoyer un nouveau TL
Le TL n'aspire pas d'un coté (Mamivac),Aprés vérificationde panne je lui ai envoyer un nouveau TL
Le TL ne fonctionne pas sur batterie (Moon Pro),envoyer un nouveau TL
Le TL ne s'allume pas,Aprés vérification de prise secteur et le chargeur je lui ai envoyer un nouveau TL
le TL s'allume mais il n'y a pas d'aspiration,J'ai fait les vérifiactions nécessaire et il s'est avére que le moteur est défectueux donc je lui ai envoyer un nouveau TL
Le TL se bloque soudainement (Sensitive),Aprés vérification de panne je lui ai envoyer un nouveau TL
J'ai été débité de 15€ deux fois suite au paiement des téterelles.,Nous allons vérifier de notre cote et si c'est le cas vous serez remboursée dans un délais de 72h au maximum.
Les téterelles du Moon Pro sont elles compatibles avec leurs tire lait manuel ?,"Non pas du tout elles ne sont pas compatibles.  
les tires lait manuels proposent qu'une seule taille standard c'est la taille M qui correspond à 24 mm ."
Comment faire fonctionner mon Seinbiose Essential Duo en double pompage ?,La conseillère vous a normalement expliqué suite à l'installation du TL qu'il faut brancher le Raccord Y (embout en plastique) pour utiliser les 2 téterelles simultanément.
Je veux racheter un kit téterelle mais je voudrais bien avoir des explications afin de prendre la bonne mesure et revoir les réglages avec une conseillère.,RDV en Visioconférence proposé
J'ai un message d'erreur sur mon Medela Symphony disant qu'il faut insérer la carte.,"Il faut retirer la carte , la nettoyer puis la remettre.
Si le problème persiste merci de nous rappeler pour que l'on vous envoie un nouveau Tire-Lait."
"J'ai actuellement un tire lait en location et je souhaite 
garder celui ci à domicile et en louer un autre pour la reprise de travail . Est qu'il sera aussi pris en charge ??","la sécu ne prend en charge qu'un seul tl le 2éme sera totalement à votre charge . 
Autoristaion sepa ( frais de location par semaine 7.5 euros+ kit double 37euros ou simple 20 euros + frais de port à domicile par voie postale 6.90 euros)"
"Ma date de terme est dans un mois , je voulais savoir si la location du TL est prise en charge et comment je peux savoir quelle taille prendre pour les téterelles ?","Oui ,c'est pris en charge par la sécurité sociale si vous avez une ordonnance .
Concernant la taille des téterelles , vous allez recevoir la taille standard + des adaptateurs afin d'avoir la taille moyenne et 3 tailles S (15mm-17mm-19mm)."
j'ai tiré hier soir avec mon tire ça a bien fonctionné mais ce matin je tire quasiment rien  .,"Est ce que vous avez lavé par hasard les tuyaux transparents et/ou les capuchons ??
Oui en effet il s'est avéré que mon mari les a lavé ."
Mon tire-lait Mamivac redémarre tout seul et de manière aléatoire et intempestive.,Si allons vérifié pour voir si le dysfonctionnement provient du chargeur ou du TL et nous vous renvoyons le matériel adéquat via Chronopost.
L'embout qui sert à fermer le deuxième orifice est perdu (Moon Pro),Je lui ai envoyer un nouveau TL
Pourquoi vous n'avez tjrs pas de MEDELA,"Nous n'en avons pas bcp en stock et actuellement ils sont encore tous en location, on attend le retour des mamans et on renouvelle le stock du lundi au vendredi de 9 à 10h vous pouvez nous recontacter pour vérifier la disponibilité"
la visio est-elle obligatoire ?,"oui, c'est exigé par la sécu pour la prise en charge"
Comment retourner mon TL ?,"Le retour se fait pas chronopost, l'étiquette est à télécharger sur notre site."
Est-ce que vous avez des TL sans caution ?,On ne fait pas de chèque de caution sur nos TL mais il y a juste un mandat SEPA sans prélèvement immédiat à signer à la place.
est ce que vous vendez séparément les petites valves là svp?,"oui , c'est disponible sur notre site ou sinon vous pouvez passer commande avec moi par téléphone"
c'est quoi le kit téterelle ?,"c'est les accessoires de pompage, ceux qui se collent aux seins afin de tirer le lait"
Je dois payer maintenant?,"oui , parce qu'on a besoin de cette validation avant d'envoyer la commande auprès de la conseillère"
c'est  quoi la différence entre un kit simple et un kit double?,"un kit simple contient une seule téterelle avec laquelle vous serez obligé de tirer un sein après l'autre mais avec un kit double, vous aurez 2 téterelles ce qui vous donne le choix entre tirer sein par sein ou bien directement les deux seins en même temps, ce qui vous fait gagner du temps"
qu'est ce que je dois mesurer plus exactement svp ?,"Alors vous devez juste mesurer que les mamelons uniquement sans l'aréole , l'idéale c'est après tété pour avoir la bonne taille"
qu'est ce que je dois fournir pour la location ?,"et bien Mme on a besoin d'une ordonnance à votre nom et  indépendante d'autre prescription médicale , que vous soyez affiler à une  sécu et à une mutuelle pour bénéficier le tiers payant ."
Les flacons de recueil ont une capacité de combien de millilitre ?,120ml pour seinbiose et 100ml pour mamivac.
Est ce que je peux changer de tire lait ?,"Oui, il faudra juste racheter les kits si vous changer de marque et régler les frais d'envoi."
est ce vous livrez à la maternité ou bien forcément à la maison ?,"et bien on livre à la maternité comme à domicile , mais on priorise toujours la livraison à la maternité tout d'abord"
"Je serai prélevée de 7,50€ par semaine et il y aura un  remboursement ?","Non, vous ne serez prélevée que si vous avez des retards de documents ou en cas de rejet de prise en charge."
Est ce que la conseillère va me montrer comment utiliser le tire lait ?,"Oui, soit par visioconférence ou en présentiel, cela va dépendre de votre domicile."
Problème d'aspiration au niveau d'un des deux port du TL Mamivac,envoyer un nouveau TL après avoir vérifier que tout est bon au niveau des accessoires
Je souhaite louer un tire?lait Seinbiose. Est?ce que toutes les tailles de téterelles sont fournies à la livraison ou faut?il les ajouter à la commande ?,"La livraison inclut la téterelle standard (25?mm pour Seinbiose, 28?mm pour Mamivac) ainsi que des embouts réducteurs 15 / 17 / 19 / 21?mm. Le colis comprend aussi un sac de transport isotherme et un pain de glace."
J’ai envoyé l’ordonnance de renouvellement. Est-ce que tout est en ordre de votre côté ? J’aurais aussi besoin d’un nouveau kit comme indiqué dans l’ordonnance. Pouvez-vous demander à la commerciale de mon secteur de passer ?,"Tout est en ordre concernant votre ordonnance. La sécurité sociale prend en charge le renouvellement d’un kit de téterelles tous les 6 mois. Vous pouvez reprendre un kit double à 15?€ à partir du 21/03/2026. Hors prise en charge, le tarif est de 20?€ la téterelle ou 37?€ la paire, commandable en ligne. La livraison peut se faire sous 24?h via Chronopost si la commande est passée avant 15?h, ou par la commerciale avec des frais de déplacement de 29?€."
combien de fois faut il tirer son lait par jour,"pour maintenir la production, 6 à 8 fois par 24 h en exclusif et si c’est seulement pour faire un stock 1 à 2 fois par jour peut suffire , ça dépend aussi du cas"
quelle durée doit faire une séance de tirage,15 à 20 minutes par sein
comment choisir la bonne taille de téterelle,la téterelle doit entourer le mamelon sans frotter et sans aspirer trop d’aréole avec (ni trop large ni trop serré)
Je souhaite louer un tire?lait aujourd’hui à la maternité pour cause de perte de poids du bébé — est?ce possible dans la journée ?,"La livraison en maternité dans la journée dépend entièrement de votre localisation.

Pourriez-vous nous indiquer la maternité sur laquelle vous êtes actuellement et nous laisser peut-être votre numéro de téléphone pour que l'on puisse mieux vous expliquer la procédure ?"
est ce que je peut tirer après la tétée,"oui,en cas d'engorgement et ça aide aussi pour stimuler bien la lactation parce que le plus que le sein est vidé le plus que le sein va se remplir"
c'est normal si je ne tire que peux de lait?,au début c'est courant:la quantité augmente avec l'entretient et une bonne stimulation.
quel est le meilleur moment de la journée pour tirer son lait?,"le matin surtout la production est souvent plus abondante grâce à l'hormone de la prolactine qui est surtout élevée le matin , mais tout moment aussi possible"
le tirage avec un tire lait est il comparable à la tétée du bébé pour stimuler la lactation,nos modelés imitent la succion naturelle du bébé à travers la phase stimulation puis expression ce qui aide bien à stimuler la lactation
que faire si j’ai l’impression que le tirelait tire trop fort,diminuez la puissance +vérifiez aussi que la téterelle est à la bonne taille
est ce qu'on peut utiliser le tire lait si le mamelon est plat ou ombiliqué?,nos modèles sont adaptés pour aider dans ce cas car l’aspiration douce et réglable peut stimuler le mamelon
a quelle fréquence je peux tirer mon lait,cela dépend de vos objectifs : pour un entretien il faut maintenir des tirages régulier et pour uun sevrage réduisez progressivement la fréquence
Est-ce que le Seinbiose Moon Pro fonctionne sur prise électrique ?,"Le Seinbiose Moon Pro peut être utilisé soit branché sur secteur, soit sur sa batterie rechargeable, pour environ 2 heures d’autonomie lorsque vous l’utilisez sans prise."
j'ai un Moon pro en location il y a plusieurs boutons sur L'écran qui ne fonctionnent plus .,je vous envoie un autre tire lait par voie postale et le retour c'est à nos frais pour pouvoir rendre celui que vous avez actuellement .
je loue actuellement un tire lait Moon pro j'ai un problème lorsque j'augmente la puissance surtout la valve 1/2 sphère ça pompe plus ça reste bloquée dans le capuchon blanc .,Généralement ce problème provient de la machine du coup je vais vous envoyer un nouveau tire lait
Je suis intéressée par la location d'un tire spectra S1 s'il vous plait .,"Le spectra est en rupture de stock en ce moment, les quantités sont assez limitées et la demande est très importante . Je peux vous proposer un autre modèle qui fonctionne pareil sur batterie et sur secteur c'est le Moon pro de la marque seinbiose"
"le tire lait me fait mal, c'est normal?",non lle tire lait ne devrait pas être douloureux  et si c'est le cas il faut vérifiez la taille des téterelles et la position de la tèterelle sur le sein pendant le tirage et la puissance aussi de tirage il ne faut pas utiliser une puissance forte au point que ça fait mal
j'ai actuellement un mamivac et je remarqué que je tire quasiment rien c'est juste quelques gouttes pourtant le bébé il prend le sein et quand je fais à la main y a du lait qui coule .,Si votre bébé a dépassé 1 mois il faut penser à modifier le paramétrage car au delà d'un mois après l'accouchement vous devrez baisser la vitesse à 33 / 25 ou 20 selon l'état d'engorgement de vos seins et augmenter la puissance selon votre sensibilité pour pouvoir tirer en profondeur et vider au maximum vos seins .
pourquoi mon lait ne sort pas?,"cela peut être du a un une pièce défactures de la téterelles, problème de taille téterelle, une faible puissance ou un stress, assurez vous d'être sans un endroit calme et détendu ,commencez par la phase stimulation puis expression et pensez à augmenter la puissance"
Le TL ne fonctionne pas (ne s'allume pas ),"Elle doit changer de prise si le pb persiste , il faut lui envoyer un nouveau TL"
Le tire lait sera livré avec les téterelles ?,"Oui, ce sera dans un seul et même colis."
J'ai de moins en moins de lait avec le tire lait Moon pro alors que je n'ai rien changé aux réglages.,"Si votre a plus de 1 mois il faut utiliser L5/L4 pour la deuxième phase, à savoir que L3/L2 c'est à partir de 6 mois et L1 pour le désengorgement à tout moment."
Je veux vérifier avec vous les éléments à rendre pour le renvoi du tire-lait?,"Vous devez mettre la machine , le chargeur , le sac à dos et le pack de glace."
comment rendre le TR L ?,mail de retour envoyer
"*est ce que vous avez reçu le tire lait?
*comment libérer ma caution?","*tire lait reçu
*dossier a jour mandat sepa désactivé."
le règlement de 150€ est il effectuer ou non?,le paiement a échoué. un nouveau lien est générer
des explications concernant les 100€ qu'on lui demande de payer,elle a perdu le TR L : elle doit payer pour clôturer le dossier
Elle veut savoir pourquoi j'ai eu du prélèvement du 30€.,Explication faite à la maman c'est pour la période non couverte par l'ordonnance du 28/10/2025 au 24/11/2025.
elle demande la photo du chargeur qu'on a reçu et une photo du chargeur demander,mail envoyer avec la photo du chargeur demander +mail env a isabelle pour nous env la photo du chargeur reçu
Pourquoi on me demande de signer un MANDAT SEPA?,"C'est la garantie du TL car on ne fait pas de caution, on ne prélève rien tant que vous êtes à jour au niveau de vos ordonnances; c'est juste au cas où après les 10 semaines si vous ne rendez pas le TL ou que si vous ne renouveler pas l'ordonnance"
est-ce que c'est 15euros à payer par semaines ?,"Non, les 15euros c'est pour l'achat du kit téterelle une fois seulement"
Est-ce que vous venez récupérer le TL lorsqu'on en aura plus besoin ?,"Le retour se fait plutôt par le biais de chronopost et vous allez juste faire un colis ; mettre dans un carton le TL, chargeur, sac de transport et pain de glace, vous pouvez télécharger une étiquette sur notre site, l'imprimer et la coller sur le carton. Le retour sera à nos frais, vous le ramener dans un bureau de poste le plus près de chez vous"
Le tire-lait manque de puissance.,La taille de la téterelle n’est pas adaptée. Elle fait du 21 mm et utilise la taille 25 mm.
Comment renouveler l'ordo?,"Vous pouvez juste prendre une nouvelle ordo auprès de votre médecin traitant, gynéco, pédiatre du bb, SF ou même la PMI et nous envoyer par mail"
Sur mon ordonnance c'est déjà écrit renouvelable 1fois donc c'est bon? Je n'ai plus besoin de renouveler après les 10semaines,"Non, il faudra quand même reprendre une nouvelle ordonnance après les 10sem svp madame car une ordonnance n'est valable qu'une seule fois auprès de la sécu"
Combien de temps dure la location?,La première ordonnance est valable 10semaines puis les ordonnances de renouvellement seront valables 3mois et vous pouvez renouveler autant de fois que vous le souhaitez et garder le TL autant de temps que vous le voulez
"Je souhaite passer commande sur le site, mais on ne me demande pas ma taille de téterelle. Que dois-je faire ?","C’est normal, car le choix de la taille se fait sur place avec la conseillère lors de son passage."
comment je vous envoie les documents?,"Puisque votre livraison se fait par le biais d'une conseillère c'est elle qui va prendre en photo directement votre ordonnance, carte vitale et carte mutuelle lors de son passage"
"je ne connais pas ma taille, comment faire ?","la conseillère va vous mesurer sur place, elle viendra avec plusieurs taille à l'avance pour voir avec vous ce qui sera mieux adapté à votre morphologie"
"J’ai eu un appel de votre part m’informant que mon ordonnance arrive à échéance, alors que la dernière était pour 6 mois. Pouvez-vous vérifier ?","D’après la règle de la Sécurité sociale, les ordonnances de prolongation ne peuvent aller que jusqu’à 3 mois maximum."
"Je ne suis pas sûre de la taille que j'ai prise, comment faire ?","Ne vous inquiétez pas, étant donné que la livraison se fait par le biais de Chronopost/un transporteur, on vous enverra toutes les tailles et vous pourrez vérifier avec la conseillère lors de la visio ce qui sera plus adapté"
Vous pouvez livrer à la maternité ?,"Oui, si nous avons une conseillère disponible sur le secteur où se situe la maternité, vous êtes à quelle maternité et je vérifie svp?"
Mon TL MOON PRO n'aspire plus autant qu'avant,"Pouvez vous m'indiquer les réglages que vous utilisez svp ? Si le bb a déjà a déjà plus d'un mois il ne faut plus tirer sur la vitesse L6 lorsque vous passez à la phase d'expression, il faut diminuer la vitesse de tirage pour pouvoir tirer plus en profondeur; il faut tirer sur L4 svp"
Ma taille a changé et le TL ne fonctionne plus correctement,"Il faudra vous remesurer alors svp, car c'est normal si ça ne tire pas bien si la taille n'est pas adaptée, je vous invite à vous mesurer à l'aide d'une règle, d'un mètre ruban par exemple ça peut très bien faire ; vous allez mesurer le diamètre de la base du bout du téton après tété ou après un tirage avec le TL (il faut que le téton soit stimuler pour avoir la taille exacte), vous prenez seulement le bout du téton sans l'aréole (le contour du téton) svp, et c'est comme ça que vous allez piuvoir vérifier la taille si a a changé ou pas"
On m’a dit que la CMU prend en charge à 100 % les frais de location. Pourquoi devrais-je payer 15 € ?,"Oui, la CMU prend bien en charge à 100 % les frais de location. En revanche, les 15 € correspondent au reste à charge pour l’achat du kit téterelle, qui n’est pris en charge que partiellement par la CMU."
C'est pourquoi la visio ? c'est un appel vidéo ?,"C'est pour vous assister à installer le TL et c'est aussi exigé par la sécu pour la prise en charge svp, oui c'est un sorte d'appel vidéo"
qu'est-ce qu'il faut retourner svp?,"il faut retourner seulement le TL, chargeur, sac de transport et pain de glace svp, ne retourner pas les kits téterelles car c'est à vous c'était à l'achat et de plus c'est  usage personnel"
Le tire-lait Moon Pro ne pompe pas. Je ne fais que des tirages simples.,Elle n'a pas bouché l'autre orifice
Maman demande explication pour le prélèvement fait et le remboursement,"Explication faite pour le remboursement, qu'elle va recevoir feuille de soin."
LE PAPA VEUT PAYER PAIN DE GLACE,LIEN ENVOYEE DE 5€
"la maman ne parle pas Français, elle reçu  des  relances de l'IA elle va nous rapl demain avec son amie",un commentaire laisser sur son dossier
si on a reçu les documents,confirmer la bonne réception des documents
Papa veut une explication pour le  montant payer pour la période sans ordonnance,explication faite de nous faire parvenir ordonnance pour éviter le paiement
comment faire pour rendre le tire lait?,procédure de retour envoyé a la maman.
Pourquoi on la relancée?,Explication Faite par rapport aux documents manquants à son dossier.
Je n'arrive pas à louer le Symphony de Medela depuis le site. Pouvez-vous m'aider ?,"Pour louer le Symphony, il faut contacter le service afin que nous puissions d’abord vérifier le stock."
Je vous ai déjà envoyé mon ordonnance et j’ai encore été relancée.,"Nous avons bien reçu l’ordonnance, mais elle contient d’autres médicaments, alors qu’il nous faut une ordonnance indépendante de toutes autres prescriptions."
Le tire-lait ne tire plus comme avant.,Il faut adapter les réglages selon l’état de vos seins et l’âge du bébé
Avez-vous des tire-laits mains libres ? Le modèle qui permet de tirer son lait tout en faisant autre chose.,"Non, nous n'avons pas de tire-lait mains libres. En revanche, la marque Seinbiose propose des téterelles mains libres qui se glissent dans le soutien-gorge."
"J’ai passé une commande sur le site et on m’a appelé, mais j’ai raté l’appel.","Oui, c’est pour créer la fiche administrative pour le tiers payant."
elle demande si on a bien reçu l'ordo,vérification faite +sms env pour qu'elle nous env l'ordo sur notre boite mail doc
elle veux rendre le TR L,mail de retour env
Maman veut nous informer qu'elle a rdv demain pour nous faire parvenir les ordonnances manquantes,un commentaire laisser sur son dossier
Est-ce qu'il faut faire un chèque de caution ?,"Il n'y a plus de chèque de caution, on vous demandera plutôt de signer un mandat SEPA comme garantie"
Est-ce que je peux faire la commande sur le site ?,Oui vous pouvez passer la commande sur le site ou avec nous au téléphone.
si on a reçu l'ordo,vérification faite ordo bien reçu
comment régler le mq pack de glace,lien paytweak de 5€  env
comment savoir la taille ?,la conseillère va vous vérifier avec vous sur place la taille adaptée
la conseillère m'appelera avant de venir ?,Oui puisque c'est elle même qui gère son planning elle vous appelera avant de passer
"l'ordonnance que j'ai envoyé c'est pour toute la durée de l'allaitement, pourquoi on me relance par rapport à l'ordo ?","Car auprès de la sécu, une ordo n'est valable qu'une fois, et l'ordo initiale est valable 10sem maximum puis les ordo de renouvellement 3mois, selon la loi de la sécu, donc il faudra en reprendre une nouvelle svp"
Maman veut vérifier pourquoi elle a été prélevée,Explication  faite qu'elle va recevoir le feuille de soin pour le remboursement.
Est-ce que je peux faire la commande avec vous ou je dois passer par le site ?,On peut faire la commande directement par téléphone si vous voulez.
concernant le prélèvement du 30€,elle n'a pas env l'ordo du 29.10.25 dés qu'elle  nous env l'ordo en va lui env les feuil de soins
On m'a dit que vous avez des conseillère qui peuvent faire la livraison à domicile ?,"Le mode de livraison dépend de l'endroit où vous habitez, bien sûr s'il y a une conseillère disponible elle va faire la livraison."
La livraison se fait sous combien de temps ?,Le délai maximum est de 24h.
le papa apl pour nous informer qu'il va déposer le TR L le 15.12.25 et env les ord le 11.12.25,un commentaire noter  sur son dossier
J'ai la caisse de monaco. Est-ce que je peux louer chez vous ?,"Oui, il faudra juste faire l'avance des frais. On vous envoie après la feuille de soin avec la facture pour que vous puissiez faire la demande de remboursement."
Pourquoi on me demande de payer 15€ sur le site ?,"C'est pour le reste à charge des kits téterelles. Les accessoires sont en achat, une partie est déjà pris en charge par la sécu et la mutuelle."
Je veux un tire lait facile à utiliser.,Nous avons le SENSITIVE C qui a juste deux boutons pour régler séparément la vitesse et la puissance de pompage.
Je veux racheter un kit double. J'ai acheté le dernier en Avril et j'ai une ordonnance.,Vous bénéficiez à nouveau de la prise en charge de la sécu et la mutuelle pour l'achat. Vous réglez seulement les 15€.
Est-ce que vous avez un tire lait nomade ?,"Nous n'avons pas de tire lait main libre, mais MOON PRO propose un kit main libre."
"J'ai cassé la cloche de mon kit, je fait 19MM et j'ai le SENSITIVE C. Comment faire ?",Il est possible de racheter juste une cloche de la taille 20MM.
Pourquoi on doit faire la visio ?,L'installation en visio est exigé par la sécu pour valider le tiers payant.
ça prends combien de temps vos livraisons svp ?,nos livraisons sont sous 24h voir selon votre secteur et sinon si c'est par transporteur c'est le jour même
je peux retourner mon tl directement à votre local ?,"bien sûr mme , nous on est au 12 porte du grand Lyon à Neyron"
je dois payer quelque chose pour le retour ?,"non mme , vous devez juste télécharger et imprimer l'étiquette de retour qui est sur notre site , c'est une étiquette déjà affranchie"
l'assistante sociale de mm BERRACHEDI LAMIA apl pour vérifier son dossier,manque doc depuis 2024: mail envoyer détailler pour le mq ordo+carte mutu et étiquette  de retour envoyer
Je n’ai pas reçu de cache-poussière avec mes kits mains libres.,Les caches-poussière ne sont pas fournis avec.
(envoi chrono ou vélo) Est-ce que je dois choisir une taille qui me convient et retourner les autres ?,"Non, vous pouvez toutes les garder car vous en aurez besoin, après quelques mois il se peut que vous changiez de morphologie et comme ça vous serez tranquille car vous aurez déjà toutes les tailles à disposition"
est-ce que vous avez des TL mains libres ?,"Nous proposons plutôt des téterelles mains libres mais elles sont toujours ratachées au TL donc vous serez quand même obligée de vous déplacer en portant de TL, c'est juste les téterelles que vous n'aurez pas à tenir"
Le MOON PRO est-il moins puissant que le SENSITIVE C vu qu'il fonctionne sur secteur et batterie?,"Non, les deux TL sont sur la même gamme de perfomance donc la puissance est pareille même si le MOON fonctionne sur secteur et batterie"
L'IA m'a dit que j'allais recevoir un SMS pour effectuer la procédure mais je ne l'ai pas reçu c'est normal?,"Peut être qu'il y a une un petit bug maisce n'est pas grave, on peut faire la commande ensemble directement en appel"
Je veux rendre le tire lait,Email envoyer à la maman et explication faite
"Est-ce que je vais être prélevée de 7,50€ par mois ensuite ?","Non, il y aura un prélèvement 7,50€ par semaine que si vous avez des retards au niveau de vos documents ou dans le cas où il y aurait un rejet de prise en charge par la sécurité sociale ou votre mutuelle."
veut acheter le tire lait,lien de 100€ envoyé
la maman dit qu'elle nous a communiquer le numéro de l'assistante,j'ai confirmé que nous sommes entré en contact avec l'assistante
elle demande pourquoi on l'appel a chaque fois ?,Ordonnances reçues
la maman va nous rapl demain avec son amie car elle ne sait pas parler Français,commentaire laissé  sur son dossier
elle demande si on a reçu l'ordonnance,j'ai bien confirmé la bonne réception
elle nous apl pour nous informer qu'elle a un rdv le 12.12 pour env l'ordo,commentaire noté sur son dossier
La maman dit qu'elle va envoyer l'ordonnance fin de journée,trés bien
J'ai reçu un appel de votre part mais j'ai envoyé l'ordonnance,"vérification faite , ordonnance non valable pas à son nom et prénom demande de rectification."
si on a reçu l'ordonnance de renouvellement,vérification faite : ordo non reçu : elle va la renvoyer de nouveau
pouquoi vous m'appeler ?,manque ordonnance de mois de novembre
Par rapport l'ordonnance elle va la nous fournir cet après midi et elle veut rendre le tire lait,Un commentaire laissé sur son dossier et email du retour envoyé
comment restituer le matériel,procédure de restitution envoyé et relancé pour une ordonnance
apl suite au relance de l'IA/ MQ ordo,on a bien reçu l'ordo
c'est concernant l'ordonnance de renouvèlement ?,effectivement c'est par rapport a l'ordonnance manquante
"pourquoi je reçois des appels , j'ai déposé le tire-lait","Après vérification, nous constatons que la date de validité de votre ordonnance ainsi que la date limite pour le dépôt du tire-lait ont été dépassées. Nous vous invitons à nous faire parvenir une nouvelle ordonnance afin de couvrir la période manquante"
elle n'arrive pas a télécharger une étiquette de retour,CREATION ETIQUETTE CHRONO
J'ai reçue un appel de votre part mais j'ai déjà envoyé l'ordonnance,"Tout à fait, Ordonnance reçue et votre dossier est en cours de traitement"
j'ai envoyer l'ordonnance pour quoi vous m'appeler   toujours?,"c'est en cours de traitement , merci de ne prenez en compte des appels automatique."
elle nous appelle   pour nous informer qu'elle va nous envoyer l'ordonnance fin semaine,commentaire noter sur son dossier
je suis hospitalisé est ce que c'est possible de vous envoyer l'ordonnance plus tard?,oui c'est possible je vais laisser un commentaire sur votre dossier.
"-comment rendre le TR L ?
- dois- je envoyer une ordonnance si je rend le TR L  aujourd'hui?",mail de retour env+elle doit nous env une ordonnance de clôture
pourquoi vous m'appeler j'ai déjà envoyé  l'ordonnance  ?,confirmer la bonne de réception de l'ordonnance Une mise à jour sera faite sur son dossier.
"Je vous appel par rapport au tire lait, je vais le déposer aujourd'hui mais j'ai pas reçu l'étiquette",Etiquette envoyé au papa et explication faite.
Est ce que vous pouvez procéder a la facturation de la période sans ordonnance vu que je retourne le tire lait ?,"Oui dés le dépôt du matériel , il faudra nous rappeler pour le paiement de la période sans ordonnance"
"Je n'ai pas comprend pas pourquoi vous me relancer , j'ai déjà envoyé l'ordonnance ?","effectivement , nous avons effectivement reçu l'ordonnance"
Je dois payer combien pour la location ?,"Pour la location, nous faisons le tiers payant. Si vous êtes affilié à la sécu et à la mutuelle en plus d'avoir une ordonnance, vous payez seulement le reste à charge des kits avec une signature de mandat SEPA."
"Ma taille à changé, je fais du 15MM maintenant et j'ai Moon Pro avec la taille 17MM.","Pour la taille 15MM, il faudra acheter les embouts souple de 25MM avec des réducteurs de 15MM pour adapter la taille."
Est-ce que les kits mains libre sont pris en charge ?,Les kits mains libre ne sont pas pris en charge par la sécu.
Quand est-ce que je dois prendre le RDV en visio ?,Vous pouvez le prendre à la réception du tire lait et selon votre disponibilité.
Est-ce que je reçois une facture pour les 15€ ?,"Oui, une facture sera envoyé sous 3 jours ouvré après la livraison."
Est-ce que je dois aussi retourner les kits téterelles ?,Les kits étaient en achats donc vous les gardez avec vous.
Est-ce que c'est obligatoire d'acheter les kits ?,Ce sont des accessoires nécessaire pour tirer votre lait. Ils sont indispensable au tire lait.
J’ai été débitée d’un montant de **€ alors qu’on m’avait indiqué que les frais de location étaient pris en charge.,"Nous n’avons pas pu appliquer le tiers-payant, car il n’y avait plus d’ordonnance à jour."
Le tire-lait a perdu de la puissance. Je n’arrive plus à tirer la même quantité qu’avant.,"Il faut ajuster la vitesse selon l’âge de votre bébé et l’état de votre sein. Plus vous la baissez, plus le tire-lait va tirer en profondeur."
Je sais déjà utiliser le tire-lait. Dois-je tout de même prendre le rendez-vous en visio ?,"Oui, la visioconférence est obligatoire. Elle est recommandée par la Sécurité sociale afin de pouvoir appliquer le tiers-payant."
Elle a oublié le paramétrage de l'appareil,Un rendez vous visio est pris
je suis obligée de passer par vous ou je peux le faire sur le site ?,Comme on est déjà en ligne c'est mieux que je prenne la commande directement puisqu'on va toujours vous rappeler si vous allez passer sur notre site
Est-ce que vous avez le spectra S1 ?,"Le spectra est en rupture de stock actuellement, nous avons un modèle de même gamme de performance qui est le seinbiose moon pro, il y a également le Mamivac sensitive c."
Quel est le numero du tire lait pour renseigner le formulaire de retour,je lui ai donné le numero et lui ai informé qu il est mentionné sur une etiquette collée derriere la machine
j ai perdu mon ordo est t il possible d envoyer une suite a un rdv le 31/12/25,oui possible  sauf que la date de prolongation doit etre mentionnée sur l ordo
Vous n'avez pas reçu l'ordonnance de renouvelement,Jusqu'à ce jour on pas reçu l'ordonnance demandée
Est-il possible de louer un tire-lait si je ne peux pas faire de caution ?,"Oui, nous pouvons vous proposer le Seinbiose Double si vous ne pouvez pas faire de Mandat SEPA ou de caution par cheque."
"Je loue le tire lait Moon pro ça fait 3 semaines déjà mais je l'ai jamais utilisé il s'avère qu'il ne fonctionne pas , je me suis dit peut-être c'est la batterie du coup je l'ai branché et j'ai cliqué sur le bouton du milieu mais le problème persiste toujours . Pourtant lors de l'installation avec la conseillère ça a bien marché  .",Pour le mettre en route il faut maintenir l'appuie 3 secondes sur le bouton Play/pause
Comment fais je pour prolonger la location svp ??,"Veuillez demander une ordonnance pour une durée de 3 mois s'il vous plait auprès de votre médecin traitant , gynécologue , sage-femme , pédiatre du bébé ou la pmi et nous la faire parvenir par mail à l'adresse documents@tire-lait-express.fr ."
C'est normal que je reçois encore des relances alors que j'ai déjà envoyé mon ordo ?,"alors oui , ce que vous recevez en fait c'est des sms de relances automatiques ce qui fait que  vous les recevez toujours , rassurez vous on a bien reçu votre ordonnance"
"je comprends pas le tl il ne tire plus assez pourtant au début ça tirait bien , j'utilise l6 comme vitesse","ahhh d'accord je vois , voyez vous l6 c'est une vitesse adaptée uniquement pour le premier mois du bébé et vu que maintenant il a 3 mois cette vitesse n'est plus adaptée , le mieux donc c'est de diminuer la vitesse sur l4 qui va jusqu'au 8e mois du bébé"
J'ai une ordo de renouvellement pour la location de tire lait avec l'achat d'accessoires est ce que je peux bénéficier d'un kit téterelles pris en en charge par la sécu comme la première fois svp ???,"Après 6 mois de location vous pouvez être bénéficié d'un 2éme kit téterelles pris en charge par la sécu 
15 euros pour le double ou 8 euros pour le simple ."
Est-ce que je peux régler la somme des factures impayés et ne pas envoyer les ordonnances ?,"oui ,lien Paytweak envoyer"
J'ai remarqué que mon tire manque de puissance il n'est plus puissant comme au départ quand je le branche ça marche mieux que sur batterie il est vraiment pas puissant .,Je vous envoie un nouveau tire lait .
J'ai un mamivac en location je passe les 2 phases toujours mais quand je passe à l'expression je bascule le curseur de la zone verte vers la zone grise ça me fait très mal j'ai les seins trop sensibles . Comment dois je faire dans ce cas de figure s'il vous plait ??,Dans ce cas vous pouvez rester sur la zone verte pour le moment et ne régler que la vitesse selon l'état d'engorgement de vos seins puis essayer de basculer vers la zone grise si vous avez accouché depuis plus d'un mois et voir ce que ça donne selon votre ressenti.
Est-ce que vous avez bien reçu le tire lait que j'ai retourné ?,"Suite vérification, je vous confirme que nous avons bien reçu le tire lait."
faut il mettre le sac dans un carton pour renvoyer le tire lait ?,oui faut le mettre dans un carton pour proteger le materiel
comment restitué le matériel ?,je vais vous faire parvenir la procédure de restitution
Ma femme a le tire lait depuis 2 ans on va voir un nouveau bébé très prochainement est ce que on peut le garder encore en envoyant une nouvelle ordonnance ? ou bien on le renvoie et vous nous enverrez un autre ??,En effet vous pouvez le garder autant que vous souhaitez c'est toujours pris en charge par la sécu juste il nous faut la date de naissance du nouveau bébé et une ordonnance avec la mention des téterelles si vous souhaitez en acheter des nouvelles .
vous me relancez pour l ordonnance pourtant j ai envoye une valable pour toute la duree de l'allaitement,la caisse de securite sociale exige une nouvelle orodonnance tout les 3 mois
La maman a lavé les tubes qui lient le TL aux kits,Elle doit essayer de secher les tubes sinon si le PB persiste elle doit acheter de nouveaux tubes
Le capuchon blanc a pris l'eau (Moon Pro),la maman a à l'ouvrir pour vider l'eau
Le TL ne fonctionne pas (symphony),La maman a à retirer la carte puis à la déposer si le pb persiste on dot envoyer un nouveau TL
La batterie ne se charge pas (Moon Pro),envoyer un nouveau TL
L'aspiration au niveau du TL a diminué (Moon Pro),"Vérifier si la maman utilise déjà le TL en double ou simple pompage si c'est en simple , elle doit boucher le deuxième orifice"
pourquoi je dois vous envoyer une nouvelle ordonnance or c'est mentionner a renouveler sur l'ancienne ordonnance ?,"chaque ordonnance de renouvellement est limité a 3 mois seulement et non renouvelable, c'est une condition imposé par la caisse"
pourquoi vous m avez prelevé de 29€?,vous n'avez pas envoyé l'ordonnance initiale pour la location et la prise en charge
Le TL s'éteint au bout de 3mn,"Après vérification, je lui au envoyé un nouveau TL"
sur mon ordonnance le médecin a noté pour 6mois mais malgré ça j'ai reçu une relance,"La Sécurité sociale exige une ordonnance tous les 3 mois. Même si le médecin indique 6 mois sur l’ordonnance, elle ne peut être utilisée que pour 3 mois"
le délais de livraison en weekend svp?,ça dépend du lieu de livraison : le jour même / sous 24h / Chronopost a partir du Lundi
Un courant électrique secoue la maman lorsqu'elle touche le TL ou le chargeur,Un nouveau TL est envoyé
les téterelles a mains libre sont ils prise en charge par la sécurité sociale?,non il ne sont pas pris en charge par la sécurité sociale
L'aspiration est très faible,"Après avoir vérifier que tout est bon au niveau des accessoires et des tubes , lui envoyer un nouveau TL"
Le  TL manque de puissance,"Verifier si tt est bon au niveau des kits et des tubes, sinon lui envoyer un nouveau TL"
pour les téterelles à mains libre c'est quoi la taille?,"la téterelles main libre est de la taille 24 mm , vous aurez  avec 4 réducteurs inclus 21 - 17 - 19 - 15 mm"
Un des deux cotés du TL n'aspire pas (Sensitive c ),"Vérifier si le pb ne provient pas des kits , sinon lui envoyer un nouveau TL"
c'est quoi le meilleure tire lait?,ça dépend de vos préférence et de ce que vous cherchez comme critères au niveau d'un tire lait (le poids-la puissance-sur batterie...)
comment nettoyer les téterelles ?,"Eau chaude + savon / liquide vaisselle 

Rincer soigneusement

Faire sécher à l’air libre"
le tire lait peut il réduire ma lactation,"au contraire , la stimulation régulière avec le tire lait augmente la production de lait"
vous avez refuser mon ordonannce,parce que l'ordonnance ne doit pas contenir d'autre éléments a part la mention des téterelles
j'ai un renouvellement d'ordonnance au nom et prénom de mon bébé c'est pas gênant ??,Non c'est pas du tout gênant . Que l'ordonnance initiale doit être avec nom .
comment augmenter ma production avec le tire-lait,il faut tirer souvent-s'hydrater bien -faire une séance de power pumping-utiliser une taille adapté
Mon tire lait manque de puissance . Comment puis-je faire ???,Je vous envoie un autre tire lait
que faire si aucun lait ne sort au début au bout de 4min,c'est normal le reflexe d'éjection met parfois 2-5min à arriver
Est-il possible de recommander des téterelles ?,"Tout a fait , vous pouvez commander soit depuis notre site internet sinon en appelant notre standard au 09.72.30.37.86"
"Je reprend le travail et le Moon Pro est devenu assez encombrant, y a-t-il un TL plus nomade ?","Nous pouvons vous proposer le Seinbiose Essential Duo.
Vous pouvez garder les mêmes téterelles , le TL ne pèse que 260g et vous n'aurez à payer que les frais de port."
La maman souhaite vérifier la date de fin de son ordonnance actuelle,"Après avoir vérifier sur son dossier , date de fin de son ordonannce communiquée"
La maman souhaite vérifier si on a le modèle spectra de disponible pour la location,"Informée que ce modèle est en rupture de stoc, je lui ai proposé le Moon Pro  (puisqu'il renferme aussi une batterie)"
"Je souhaite acheter un nouveau kit tétrelle en taille M, car j’ai actuellement la taille L et elle ne me convient plus.","Il n’est pas nécessaire d’acheter un nouveau kit. Il suffit simplement d’acheter des embouts réducteurs en 21 mm, au prix de 2 € l’unité + les frais d’envoi  6,90 € en livraison à domicile par Chronopost ou 4,90 € en point relais."
Est ce que les kit à Main libre sont pris en charge par la sécurité sociale,"Non, malheureusement ce n’est pas pris en charge. Le prix d’un kit double mains libres est de 39 €"
Je mets mes tétrelles dans de l’eau bouillante pour les nettoyer et j’ai remarqué qu’elles se sont déformées. Proposez-vous un échange gratuit dans ce cas ?,"Nous ne procédons pas à un échange gratuit dans ce type de situation. En revanche, vous n’êtes pas obligée de racheter un kit complet, je peux simplement vous envoyer les embouts souples au prix de 14 € la paire, auxquels s’ajoutent les frais d’envoi 6,90 € en livraison à domicile par Chronopost ou 4,90 € en point relais."
La maman souhaite prendre un rdv en visio,Lui fixer un rdv à travers Timify
"j'ai l'embout en silicone de ma téterelle qui est fissuré ,dois je changer toute la téterelle ou bien que l'embout souple","oui , si les autres pièces de la téterelle sont en bonne état pas besoin de tout changer"
faut il mettre le sac dans un carton pour renvoyer le tire lait ?,oui faut le mettre dans un carton pour proteger le materiel
vous me relancez pour l ordonnance pourtant j ai envoyé une valable pour toute la durée de l'allaitement,la caisse de sécurité sociale exige une nouvelle ordonnance tout les 3 mois
pourquoi vous m avez prelevé de 29€?,vous n'avez pas envoyé l'ordonnance initiale pour la location et la prise en charge
faut il mettre le sac dans un carton pour renvoyer le tire lait ?,oui faut le mettre dans un carton pour protéger le matériel
vous me relancez pour l ordonnance pourtant j ai envoyé une valable pour toute la durée de l'allaitement,la caisse de sécurité sociale exige une nouvelle ordonnance tout les 3 mois
"J’ai actuellement un Moon en location et je souhaite l’échanger contre l’Essentiel Duo.
Pouvez-vous m’indiquer le coût exact de cet échange","Vous n’aurez à régler que les frais d’envoi ,6,90 € pour une livraison à domicile ou 4,90 € en point relais.
Il n’est pas nécessaire de racheter les téterelles, car c’est la même marque ,le kit que vous possédez est donc compatible avec l’Essentiel."
Chargeur cassé,Lui envoyer un nouveau chargeur
Serait-il possible de donner un chèque directement à la conseillère svp ??? je préfère faire un chéque que valider un mandat sepa en ligne,"Oui madame ,c'est possible de donner le chèque à notre conseillère lors de passage"
Si je prends un set de pompage double je peux pas l'utiliser en simple ???,Ça reste à votre choix vous pouvez l'utiliser en double comme en simple vous serez pas dans l'obligation de faire les deux à la fois .
La maman doit être là quand la conseillère elle passe ?,"oui il faudrait que la maman soit présente lors du passage de la conseillère , c'est surtout pour faire l'installation et la vérification de la taille des téterelles"
Est ce que chrono peut emmener plusieurs modèles de tire - lait svp ?,"vu que c'est chrono qui va livrer , c'est comme un livreur , donc il peut pas emmener plusieurs modèles , ce qui fait qu'il faut choisir le modèle à l'avance svp"
je peux toujours vous appeler si jamais une question me traverse ?,oui bien sûr on est ouvert 7j/7 même donc n'hésitez surtout pas
je peux prendre l'ordonnance uniquement que par ma sf ou peu importe ?,"pas obligatoirement , vous pouvez prendre l'ordonnance par votre sf oui sinon par votre gynéco , médecin traitant ou encore le pédiatre du bébé il faut juste que ce soit toujours à votre nom"
vous vendez les pièces séparément ou bien je dois prendre un kit complet?,"oui on en vends si sous voulez c'est disponible sur notre site mais sinon je peux prendre la commande directement par téléphone , et ce serait quelle pièce svp ?"
c'est à moi de payer les frais de retour ou ça se passe comment svp ?,"non , les frais sont à notre charge il suffit juste d'imprimer et de télécharger l'étiquette de retour qui est déjà affranchie sur notre site"
vous avez un local ?,oui on est au 12 porte du grand Lyon à Néyron
est ce possible d'avoir une conseillère qui se déplace ?,"et bien Mme ça va dépendre de votre secteur , je peux avoir  votre code postal pour vérifier svp ?"
j'ai payé et pourquoi on me demande encore de payer ou signer un sepa ? j'ai pas compris,ce que vous avez payer en fait c'est les kits double à 15euros et pour ce qui en est de la signature SEPA c'est uniquement pour la garanti du tl ce qui fait qu'il y a ni montant bloqué ni prélèvement tant que vous serez à jour au niveau de l'ordonnance
a quel adresse mail j'envoi l'ordonnance de prolongation?,A l'adresse DOCUMENTS-je lui ai dicté l'adresse
La maman souhaite vérifier la date de fin de son ordonnance actuelle,Lui communiquer la date de fin après avoir vérifier dans son dossier
Quelle est la longueur du chargeur mamivac svp ??,C'est presque 2 mètres .
Les liens Sepa et paytweak ne fonctionne pas  (Elle a dépasser la semaine avant de valider  ),Lui envoyer deux nouveaux liens
Le chargeur est cassé (la partie qui rentre dans la prise  )(Mamivac),Lui envoyer un nouveau chargeur
"J’ai reçu aujourd’hui mon tire-lait L’Essentiel Duo, mais j’ai l’impression qu’il ne fonctionne pas en double. Je ne vois pas où brancher la deuxième téterelle.",Vous avez reçu un petit embout en forme de Y. Il doit être branché sur le tire-lait afin de pouvoir l’utiliser en double.
est ce que vous avez reçu mon ordonnance corrigée est elle bonne pour la prolongation de 3 mois?,oui elle est bonne puisque elle est faite pour un mois renouvelable 2 fois
lorsque je pense arrêter la location je fais comment ?,"soit vous nous appeler pour vous envoyer la procédure de retour , soit vous passez par notre site internet directement"
"qui sont les médecins qui peuvent fournir une ordonnance , seulement la sage femme ou le médecin traitant ?","non seulement la SF ou le médecin traitant mais aussi le pédiatre , le gynécologue , la PMI..."
le paiement a été bien fait ou non ?,"non, il a été rejeté"
est ce que le paiement a été fait deux fois ? et si oui comment vous procéder,"non , une seule fois , et en cas ou il a été fait deux fois on vous rembourse"
Est-ce que vous livrez partout en France ?,"Oui, partout dans la métropole."
On m'a laissé un message me disant que mon ordonnance n'était pas valable .comment puis-je faire pour y remédier ?,"L'ordonnance doit être prescrite à votre nom et prénom , avoir une date de prescription et mentionner la location du TL et l'achat des téterelles.
Elle doit être séparée de toute autre prescription (médicaments etc...)"
J'ai reçu un sms me disant que mon ordonnance allait bientôt expirer alors que mon médecin a noté dessus 6 mois.,"L'ordonnance initiale est valable pour 10 semaines. C’est la durée maximale prise en charge pour la première prescription. 
Si vous souhaitez poursuivre la location après ces 10 semaines, il est nécessaire d’avoir une nouvelle ordonnance de prolongation, chaque renouvellement étant limité à une durée de 3 mois maximum."
pourquoi vous demandez des ordos alors que je ne l utilise plus depuis plus d un an ?,pour nous il est considéré tjrs en location seul la date de dépôt du matériel a la poste fait foi avec le respect de l échéance de l'ordonnance
Pourquoi vous m'appelez a chaque fois ?,"Se sont des appels automatique , veuillez ne pas les prendre en considération"
"J'ai loué un Fisio Kitett en pharmacie mais il ne m'a pas convenu , quelle est la différence entre le Kitett et les modèles que vous proposez ?",Les modèles que l'on propose sont bien plus adaptés a l'utilisation à domicile de par le poids et la possibilité de personnalisation des réglages (vitesse ET puissance) selon votre sensibilité.
"J'ai du avancer les frais de location quand j'ai loué chez un autre prestataire pour mon 1er bébé , est-ce c'est le cas aussi avec vous ?","Nous appliquons bien le tiers-payant pour la location de tire-lait, ce qui signifie que vous n’avez pas besoin d’avancer les frais pour la part prise en charge par l’Assurance Maladie et votre mutuelle."
Lors de ma première demande de location j'ai commandé des téterelles mains libres à la place des téterelles classiques je me suis dit que c'est plus pratique mais il s'est avéré que ça aspire mal en les glissant sous le soutien gorge du coup je serais dans l'obligation d'utiliser mes mains donc ça revient au même comme les téterelles classiques et je trouve que c'est pas du tout efficace . Puis-je commander les téterelles classique svp ??  je vous ai déjà envoyé une ordonnance avec la mention des téterelles dessus .,En effet sur votre ordonnance y a bien écrit les consommables du coup vous aurez qu'à régler 15 euros et à ce montant s'ajoute le frais de port
J'ai reçu une relance pour l'envoi d'une ordonnance de prolongation mais je l'ai déjà envoyé .,"J'ai pu tracer le colis selon le code suivi Chronopost je vois que vous l'avez bien déposé avant la date d'échéance d'ordo du coup ce qui compte pour nous c'est la date de dépôt pas la date de réception , donc tout est en règle la relance que vous avez reçu c'est a ne pas tire compte . Vous serez notifié par mail dés la réception ."
Dois-je encore faire la visioconférence puisque je sais déjà utiliser le tire lait ?,"Oui, elle est obligatoire pour la prise en charge."
Est-ce que vous avez des tire-lait à main libre ?,"Nous ne proposons pas de tire-lait à main libre. En revanche, la marque Seinbiose propose des téterelles à main libre qui se glissent dans le soutien-gorge."
Faites-vous le tiers payant pour l’achat des téterelles à main libre ?,"Non, il n’y a pas de tiers payant. Le montant total est de 39 €, et la facture vous sera envoyée sous 3 jours."
Est-ce que vous avez le MOMCOSY ?,"Non, on a les tire laits de la marque Seinbiose et le mamivac sensitive c."
Je n’ai pas reçu de feuille de soin pour les frais que j’ai avancés.,"C’est normal : nous n’avons pas reçu d’ordonnance. Sans ordonnance, nous ne pouvons pas l’envoyer."
Est-ce que vous avez des tire lait silencieux,Nous avons le Moon Pro qui est assez silencieux.
"L'ordonnance est au nom de mon bébé , ça passe ?",et bien non l'ordonnance doit être à votre nom et d'ailleurs indépendante d'autre prescription médicale svp
Mon lait s’éparpille partout lors du tirage.,Il faut bien enfoncer le petit embout jusqu’à ce qu’il colle complètement à la paroi.
"J'ai un tire lait loué à la pharmacie, est-ce que je peux aussi loué un autre chez vous ?","La sécu et la mutuelle prend en charge qu'une location à la fois. Si vous souhaitez louer 2 tire lait à la fois, une location sera totalement à votre charge."
Est-ce que je peux faire l'échange de mon tire lait ?,"Oui, l'envoi du nouveau tire sera par chrono, si vous changez de marque, il faudra aussi acheter les kits."
"J'ai loué un tire lait il y a quelque temps et je veux le relouer, ce sera pour le même bébé.","Vous pouvez refaire la location, l'envoi sera par chrono cette fois-ci, 4.9€ en point relais et 6.9€ à domicile."
Je veux le seinbiose double sans caution.,Nous ne faisons plus de caution pour nos tire lait. Il y aura quand même le mandat SEPA à signer pour la garantie.
Comment vous transmettre la nouvelle ordonnance svp?,"Il faut nous envoyer par mail à ""documents@tire-lait-express.fr"" svp"
J’ai déjà envoyé une ordonnance et nous recevons encore des relances.,"Votre ordonnance est au nom du bébé. Il nous faut en fait une ordonnance au nom de la maman, sans autre prescription, à part la location du tire-lait et l’achat du kit."
vous avez bien reçu l'ordonnance que j'ai envoyé svp ?,vous êtes bien mme ... ? et bien oui c'est bon madame on l'a bien reçu je vous remercie
Faut-il avoir obligatoirement une ordonnance pour la location ?,"Oui, pour la prise en charge."
est-ce que je peux payer à la conseillère les 15euros?,Oui si vous voulez vous pouvez payer les kits en espèces directement à la conseillère lors de son passage
Il me faut un tire-lait double pompage,"Oui, tous nos tire-lait sont à double phase et double pompage"
J’ai été prélevé alors que mon ordonnance est à jour.,"La prise en charge bascule normalement à 60 % Sécurité sociale et 40 % mutuelle après les 10 premières semaines, alors que nous n’avons toujours pas reçu la photo de votre carte de mutuelle pour effectuer le tiers payant."
Est-ce qu'il faut que je valide les liens avant la livraison ?,"Oui, puisque c'est la validation des 2 liens (pour les téterelles et le SEPA) qui va finaliser la commande."
"j'ai pas de chéquier pour la caution , c'est obligatoire ?","oui c'est obligatoire , par contre le chéquier non vous pouvez juste faire la signature sepa dont il n'y a ni de prélèvement ni montant bloqué , c'est juste pour la garanti"
est-ce que les conseillères sont des femmes ?,"Oui, toutes nos conseillères sont des femmes rassurez-vous."
pour la visio c'est des femmes ouu?,oui mme c'est des femmes
J’ai passé commande ce matin et je n’ai toujours pas été contacté par votre conseillère pour la livraison.,"La livraison est prévue sous 24h, mais cela dépend du planning de la conseillère. Elle vous contactera demain."
Est-ce qu'on peut livrer mon tire-lait chez ma mère ?,"Oui bien sûr, on peut vous le livrer à une autre adresse que chez vous."
Est-ce que je peux utiliser la même ordonnance pour les prolongations ?,Il faudra envoyer une nouvelle ordonnance pour les renouvellements.
Ou est-ce que je peux prendre les ordonnances ?,"Elles peuvent être prescrites par votre médecin traitant, sage femme, gynéco, ou pédiatre de votre bébé."
"je serai pas chez moi demain , vous pouvez plutôt livrer à un point relais svp ? ou c'est pas possible ?","oh si bien sûr Mme , on va vérifier ensemble le point relais . Alors on a ....."
J'ai encore l'ordonnance que j'ai utilisé à la pharmacie. Est-ce qu'elle est encore valable ?,L'ordonnance sera refusé par la sécu et la mutuelle si elle a été déjà utilisé. Il faudra une nouvelle.
"J'ai pas encore l'ordonnance avec moi, Est-ce que c'est grave ?","Il n'y a pas de souci, vous pouvez nous l'envoyer en photo par mail quand vous l'aurez."
Est-ce que je peux utiliser l'IBAN de mon mari pour le mandat SEPA ?,"Oui, il n'y a pas de souci."
je comprends pas je mets la vitesse au max sur l6 pourtant ça tire même pas  !!!?,"et bien voyez vous c'est plutôt mieux de toujours diminuer la vitesse afin de permettre au tl de bien tirer en profondeur , ce qui fait que l6 n'est plus adapté essayé de diminuer sur l4 svp pour avoir de meilleurs résultats"
est ce que je dois renvoyer les téterelles avec la machine?,"non ,vous les gardez c'est à usage personnelle"
serait-il possible  d'avoir un chargeur de dépannage puisque j ai oublié le chargeur chez moi et je suis en déplacement?,"non , vous devez passer par le site et acheter un chargeur"
Je vous ai déjà envoyé l’ordonnance et j’ai de nouveau été relancée.,"Oui, nous l’avons bien reçue, en revanche il y a des médicaments dessus, alors que l’ordonnance doit être uniquement dédiée à la location du tire-lait et à l’achat du kit."
Mon tire-lait me fait mal et je n’arrive plus à tirer autant de lait qu’au début.,"Cela peut être lié à la taille de la téterelle. En effet, la taille de la téterelle peut changer au cours de l’allaitement ; il est donc important de la vérifier à nouveau."
Je souhaite retourner mon tire lait c'est quoi la procédure de retour ??,"Bonjour,

Pour retourner votre tire-lait, il vous suffit de télécharger une étiquette gratuite via ce lien https: https://tire-lait-express.fr/module/eg_etiquettechroposte/etiquette
Votre colis doit contenir :

-             Le tire-lait électrique propre,

-             La pochette isotherme et son bloc réfrigérant 

-             Le sac à dos ou la mallette de transport,

-             Le cordon d’alimentation électrique.

Il n’est pas nécessaire de nous renvoyer les téterelles.

Veuillez à bien emballer le tout dans un carton adapté pour éviter les chocs dans le transport. (Carton de couche, de jouet …)
Merci de déposer votre colis en relais pickup ou Chronopost, dont les adresses sont notées sur l'étiquette retour (partie à conserver).

Si vous avez besoin d’informations supplémentaires, vous pouvez nous appeler au 09 72 30 37 86 afin d’être accompagné par téléphone.

Bonne journée,"
J'ai passée une commande sur votre site mais on ne m'a pas demandé la taille des téterelles comment faire pour choisir ma taille ?,"Pour toutes les commandes passées sur le site , nous sommes censés rappeler les mamans par la suite afin de vérifier s'il y a une conseillère qui couvre leur secteur   dans ce cas c'est elle qui prend les mesures sur place . Sinon pour un envoi chrono ou une livraison par notre coursier nous envoyons par défaut toutes les tailles ."
"J’ai reçu un message vocal de votre part concernant un paiement relatif à la location d’un tire-lait Spectra, que j’ai récupéré auprès de la clinique Val d’Ouest.
Je souhaite vous informer que j’ai bien effectué le paiement comme demandé. En revanche, je ne comprends pas pourquoi il m’est demandé de signer un mandat SEPA","Le mandat SEPA c'est une sorte de garantie
Si nous ne recevons pas vos prescriptions (ou renouvellement) dans les temps nous devrons vous facturer et réaliser un prélèvement de 7€50 par semaine"
"Vous m’avez relancée concernant un rendez-vous en visioconférence. Cependant, je n’arrive pas à fixer le rendez-vous, car il m’est demandé un numéro client ou un numéro de tire-lait. Pourriez vous m’indiquer où je peux trouver cette information ?",Le numéro du tire-lait est collé sur la machine et sur une étiquette au niveau de la fermeture éclair. Il commence par TIR
Je souhaite vous rejoindre en tant que partenaire. Pourriez-vous m’indiquer la procédure à suivre afin de déposer ma candidature ?,"Pour nous rejoindre en tant que partenaire Tire-lait Express, vous pouvez prendre contact avec notre responsable des partenaires Anaîs Collomb (a.collomb@tire-lait-express.fr) Vous pouvez lui présenter votre parcours, votre projet pour devenir partenaire, et lui indiquer la zone géographique sur laquelle vous souhaiteriez vous installer.
Elle reviendra directement vers vous et pourra répondre à vos éventuelles questions sur le fonctionnement du partenariat et la société."
J’ai remarqué que mon tire-lait Moon Pro perd de l’aspiration lorsque je l’utilise en simple,Pensez à bien fermer le deuxième orifice à chaque fois que vous utilisez votre tire-lait en mode simple.
J’habite à Paris. Ma sage-femme m’a conseillé de vous contacter et m’a confirmé que vous assurez des livraisons le dimanche,"Tout à fait, Nous livrons 7j/7 sur Paris, y compris le dimanche. Notre livreur peut se déplacer pour vous livrer et vous bénéficiez d'une installation avec l'une de nos conseillères en visioconférence."
J'ai passée une commande sur votre site et il est indiqué que la livraison peut se faire à domicile ou en point relais . Pouvez-vous me confirmer si le délai de livraison est le même ??,"Oui , le délai de livraison est le même dans les 2 cas
c'est sous les 24 heures  ."
j'ai perdu le tire lait comment je fais,un devis vous sera envoyé et vous allez faire le paiement d'un achat tire lait
est t il possible d attendre le prochain rdv qui sera dans une semaine pour demander une ordonnance de prolongation dont l échéance est depuis deux semaines,"oui , possible en cas ou vous n arrivez pas a avoir une auprès d'un autre prestataire"
comment faire pour renvoyer mon tire lait sans demander une ordo de prolongation,"faut pas dépasser la date de l'échéance de l'ordonnance actuelle , vous appelez pour demander retour ou aller directement sur le site internet"
A quelle adresse dois-je envoyer l'ordonnance de prolongation svp ??,"Veuillez nous la faire parvenir par mail à l'adresse mail 
documents@tire-lait-express.fr"
J'ai commandé des réducteurs en 15mm sur votre site qui ne sont malheureusement pas compatibles avec la taille actuelle ( 21mm ) .,Les réducteurs s'adaptent uniquement avec la taille 25mm donc vous pouvez acheter uniquement les embouts souples en 25mm il n'est pas nécessaire de commander le kit en entier .
"Je viens d'avoir une nouvelle ordonnance pour prolonger ma location , comment je fais pour vous la faire parvenir?",Il faut scanner ou prendre une photo de votre ordonnance et nous l'envoyer à l'adresse suivante : documents@tire-lait-express.fr
"Suite a ma location sur votre site , j'ai perdu la page me demandant d'envoyer les documents , pourrais-je savoir savoir quels sont les documents et à quelle adresse les envoyer ?","Les documents requis pour la locations du tire-lait sont : l'ordonnance , votre carte vitale et la carte mutuelle.
Vous pouvez les scanner ou les prendre en photo et nous les envoyer à l'adresse suivante : info@tire-lait-express.fr"
"Je n’ai toujours pas reçu mon colis, alors qu’on m’a dit qu’il arriverait aujourd’hui.","La livraison se fera dans la journée, sans créneau précis, mais le livreur vous contactera une fois sur place"
"est ce que je peux régler une période sans ordonnance suite a l envoi materiel , je ne vois pas ma sf","bin sure que oui 
un lien de paiement lui a été envoyé"
"vu les fêtes de fin d'année je ne vois ma sf que début janvier 2026
est ce que ça peut attendre pour l ordonnance de prolongation de mi décembre","exceptionnellement pour vous madame , on va mettre note sur votre dossier que c'est suite à la fermeture de fin d'année"
"je prévoit un RDV pour avoir l'ordonnance début janvier , est ce que ça va engendrer une facturation ou retrait sur ma caution",puisque vous nous avez prévenu y aura pas de facturation juste on va noter sur votre dossier qu' on aura l'ordo début janvier
"vous me relancez pour des ordos de 2024 sachant que vous m'avez encaissé ma caution , est ce qu' il faut quand même vous envoyer des ordos ?","absolument , la caution a couvert juste une partie de location sans ordonnance et il en reste encore dont il nous faut des ordos pour la couvrir et clôturer votre dossier"
Je n’arrive pas à tirer mon lait. Le tire-lait ne pompe pas.,"La valve demi-sphère (responsable de l’aspiration) doit être correctement en place, sinon il n’y aura pas d’aspiration du tout."
Le tire lait sera livré avec les téterelles ?,Oui.
Je n’arrive pas à faire la commande du Symphony sur votre site.,"C’est normal, car cela dépend du stock.
Pouvez-vous, s’il vous plaît, me confirmer le code postal pour vérification ?"
Pourquoi cela ne me demande pas ma taille quand je passe commande sur le site ?,"Parce que vous allez choisir la taille avec une conseillère, soit par visioconférence ou en présentiel, cela dépend de la zone de livraison."
Dois-je retourner le tire lait après les 10 semaines sur l'ordonnance ?,Vous pouvez garder le tire lait autant que vous voulez mais il suffit juste de nous envoyer une nouvelle ordonnance puisque vous avez la SECU et une mutuelle.
"Bonjour,
Je suis encore a la maternité de Bron , pourrais-je avoir un TL pour aujourd'hui ?",Il nous est tout a fait possible de vous livrer le TL aujourd'hui via notre conseillère qui passera vous l'installer directement a la maternité.
Avez-vous la taille 16 ? Ma sage-femme m’a confirmé que c’est la taille qu’il me faut.,La taille 16 n’est pas disponible la taille 17 que vous possédez déjà conviendra parfaitement.Un écart d’un millimètre n’a aucun impact.
"J’ai déposé mon tire-lait au guichet de La Poste pour le retourner il y a environ un mois. Aujourd’hui, j’ai reçu une relance me demandant d’envoyer une nouvelle prescription.","Si vous avez reçu une relance cela signifie que nous n'avons pas encore reçu votre colis pour clôturer votre dossier.
Nous pouvons tracer l'envoi de votre colis, si l'envoi est confirmé, nous ferons le nécessaire et vous serez notifiée par mail"
"Depuis quelques jours j'ai remarquée une baisse de la quantité de lait tiré avec le TL Moon alors que lorsque j'utilise l'expression manuelle, le lait s'écoule normalement. Il ne s'agit donc pas d'un problème de lactation.","Pensez à baisser la vitesse et à passer de L6 à L5 voire L4 ou L3, en fonction de l'âge de votre bébé
L6 est recommandé uniquement pour la première période."
"J'ai reçu une relance de votre part concernant la renouvellement de mon ordonnance.
J'ai un rdv avec mon médecin la semaine prochaine cela pose un problème si je vais faire un retard de 2 jours ?","Je laisse une petite note sur votre dossier, dès que vous l'aurez essayez de la renvoyer"
J'ai fait une demande de location depuis votre site internet et on me demande de faire un prélèvement SEPA. pourriez-vous m'expliquer ?,"Le mandat SEPA est une autorisation que vous nous donnez pour pouvoir prélever les frais de location sur votre compte uniquement si vraiment nécessaire (en cas de non retour du matériel ou de retard au niveau des ordonnances). Un SEPA ne prélève rien tout de suite, il sert juste de garantie/caution simple et sécurisée."
Est-ce que je peut être inscrite sur la liste d'attente pour  le Medela ?,"Nous n'avons pas de liste d'attente, puisque nous n'avons aucune visibilité sur la date de retour d'un tire lait."
Dois-je payer 15€ par mois ?,"Non, les 15€ sont à payer une seule fois puisque c'est le reste à charge pour l'achat des kits téterelles."
Votre conseillère viendra-t-elle récupérer le tire lait quand je ne m'en servirai plus ?,"Non, le retour se fait par le biais de Chronopost à nos frais."
Je souhaite obtenir un devis pour la location d’un tire-lait.,"Pour établir ce devis, nous devons d’abord créer la fiche administrative."
Je suis Américaine de passage en France. Puis-je louer le tire-lait pendant mon séjour ?,"Oui, bien sûr. Vous devez simplement avancer tous les frais et nous fournir une ordonnance, et nous vous enverrons la feuille de soins."
Je vais retourner mon tire-lait et je ne retrouve plus le pain de glace.,"Pas de souci, vous pouvez retourner la machine, le chargeur et le sac de transport, et régler 5 € pour le pain de glace."
Le chargeur ne fonctionne plus : il faut le tenir pour que le tire-lait s’allume.,"Nous allons vous envoyer un nouveau chargeur par Chronopost. Expédié aujourd’hui, réception demain.
À la fin de la location, vous nous renverrez les deux chargeurs avec la machine."
On n’arrête pas de me relancer au sujet de l’ordonnance alors que je l’ai déjà envoyée.,L’ordonnance reçue n’est pas valable du fait qu’elle est au nom du bébé.
Est ce que vous avez des téterelles de taille 13mm ?,"Non, la taille la plus petite chez nous c'est 15mm."
"Mon Tire-Lait s'éteint tout seul au bout de quelques secondes ,que faire ?",Nous allons essayer de déterminer si c'est un problème au niveau du chargeur ou du tire-lait et vous proposer une solution adéquate selon le constat.
J’ai déjà un tire-lait en location pour mon premier bébé et je viens d’accoucher. Je souhaite louer un autre tire-lait pour mon deuxième bébé.,Le deuxième tire-lait sera entièrement à votre charge. La Sécurité sociale ne prend pas en charge deux tire-laits en même temps pour une même maman.
"J’ai un tire-lait en location, le modèle Sensitive, et il clignote en rouge depuis ce matin, j'ai vérifié le branchement de kit tout est ok.","Je vais vous envoyer par mail un test à effectuer, le hard reboot. Merci d’essayer de nous rappeler après avoir réalisé le test, si cela ne fonctionne pas, nous vous enverrons un nouveau tire-lait"
Quelle est la différence entre un kit simple et un kit double ?,Avec un kit double vous pouvez tirer les 2 seins en même temps et avec un kit simple c'est un seul sein à la fois.
Est-ce que je suis obliger de faire la visioconférence ?,"Oui, parce que c'est exigé par la sécurité sociale pour la prise en charge."
Dois-je impérativement mettre les éléments dans un carton ?,"Oui, car le carton va servir à protéger les éléments afin d'éviter les chocs."
Mon tire-lait Medela ne fonctionne pas : un message d’erreur s’affiche à l’écran,"Il faut débrancher le tire-lait, retirer la carte à puce puis la remettre. Si cela ne fonctionne toujours pas, nous vous enverrons un autre tire-lait"
"Mon enfant n'a pas encore été déclaré à la sécurité sociale et la mutuelle, est-ce qu'on peut quand même louer un tire lait ?","Oui, puisque la location est au nom de la maman pas à celui du bébé."
"est ce que je suis obligée de demander une ordonnance de prolongation et l envoyer sachant que j'ai arrêté l'allaitement et je veux rendre le tl et mon ordonnance est échue depuis deux jours,?","Non, vous n'êtes pas obligée d envoyer d'ordo, juste faut déposer le tire dans deux jours maximum 
une étiquette vous sera envoyer ."
"Ma sage-femme m'a fait une ordonnance et j'ai besoin d'un tire-lait avec des téterelles de taille 15mm , est-ce que cette taille est bien disponible chez vous ?","Oui ,la taille 15mm est disponible sous forme d'embouts réducteurs en silicone qui sont compatibles avec les marques Seinbiose et Mamivac."
Je n'arrive pas a louer le medela symphony depuis le site.comment je fais ?,"Le Medela Symphony est en rupture de stock actuellement , vous pouvez nous appeler pour être  orientée vers un autre Tire-lait."
je fais comment si je souhaite garder le tire-lait au-delà des 10 premières semaines ?,"Vous pouvez demander à votre sage-femme, médecin traitant, pédiatre , gynécologue ou bien la PMI une ordonnance de prolongation qu'il faudra nous envoyer par e-mail."
Je souhaite m'informer par rapport à la contenance des flacons de recueil pour mon Tire-Lait Seinbiose avant de les acheter depuis votre site.,Les flacons de recueil Seinbiose (lot de 6) ont une contenance de 120ML.
"Je viens de passer une commande pour des accessoires depuis votre site , quand est-ce que je vais les recevoir ?","Vu que vous avez passé la commande avant 15h , votre colis sera expédié aujourd'hui pour une réception demain à l'adresse indiquée."
"Pourquoi vous m'avez demandé une nouvelle ordonnance alors que mon médecin a mentionné ""valable 10 semaines et renouvelable 2 fois ? ""","La Sécurité sociale exige une ordonnance spécifique limitée à 10 semaines pour la location d’un tire-lait, même si elle est renouvelable. Au-delà, il faut une nouvelle prescription médicale pour que la prise en charge continue."
"J’ai reçu plusieurs relances concernant l’installation de mon tire-lait en visioconférence. Je vous informe que je ne suis pas intéressée par ce service, ma sage-femme m’ayant déjà expliqué son utilisation.
Arrêtez de m'harceler avec vos relances","L’installation du tire-lait en visioconférence fait partie de notre procédure obligatoire. Toutefois, si vous ne souhaitez pas y participer, nous ne vous y forcerons pas.
Je vous informe simplement qu’une note sera ajoutée à votre dossier indiquant que vous avez refusé le rendez-vous."
Est-ce que je peux bénéficier de la prise en charge pour la location du tire-lait si j'ai la css ?,"Si vous avez la Complémentaire santé solidaire (CSS), la prise en charge de la location du tire-lait se fait normalement sans reste à charge : la Sécurité sociale rembourse sa part et la CSS prend en charge la part complémentaire, ce qui vous évite d’avancer des frais."
"Je suis allée sur votre site pour commander des flacons de recueil, mais j’ai constaté qu’il s’agissait de flacons de la marque Seinbiose, alors que je souhaitais des flacons Mamivac.",Les flacons Seinbiose que vous avez trouvés sur notre site sont compatibles avec la marque Mamivac.
"Je suis assistante sociale et j’accompagne actuellement une maman qui souhaite louer un tire-lait. Toutefois, elle n’a pas encore reçu sa carte d’AME ,la demande a été déposée récemment et elle est toujours en attente de la réponse de la Sécurité sociale.
Je souhaiterais savoir si la location du tire-lait peut être prise en charge dans cette situation, dans l’attente de l’attribution de l’AME","Malheureusement, tant que la maman ne dispose pas d’une carte AME ou d’une attestation en cours de validité, la location du tire-lait ne peut pas être prise en charge"
"J'ai perdu le chargeur de mon tire lait, comment dois je procéder ? Il faut en reprendre un sur le site ?","Oui, il faut commander un nouveau chargeur, qui devra être retourné avec la machine à la fin de la location."
On m'a dit à la maternité qu'une personne livrera le TL chez moi et qu'il fera l'installation en meme temps,"Nous n'avons pas de conseillère sur votre zone, cependant, nous pouvons vous livrer sous 24h toujours et vous bénéficierez par la suite d'une installation par visioconférence par une de nos conseillères ."
Elle a reçu une mise en demeure pour non renvoie de TL ni d'ordonnance.,Il faut nous envoyer les ordonnances en retard afin que le service concerné puisse traiter le dossier
Il y a possibilité qu'on fasse le remboursement par rapport au prélèvement car elle a envoyé son ordo finalement ou si éventuellement elle peut avoir la facture à transmettre à sa sécu et mutuelle,Nous avons la possibilité d'envoyer la facture afin qu'elle puisse faire la demande de remboursement au près de la sécu et de la mutuelle
"Je souhaite louer le symphony medela ? 
Vous n'avez pas de visibilité de quand est-ce que vous en aurez en stock ?","Nous n'avons pas encore le symphony medela en stock mais nous avons le sensitive c de la marque mamivac qui est similaire au modèle . 
Nous faisons le mise à jour de nos stocks du lundi au vendredi de 9h-18h"
"J'essaye de faire un retour,  je suis dans un relais éligible mais le code ne passe pas. Ils essayent de le scanner",Il faut imprimer l'étiquette mais le code QR ne fonctionne pas
"On m'a appelé ce matin, je n'ai pas pu décrocher. C'est probablement suite à ma commande mais j'ai déjà payé le jour meme",Effectivement ma collègue vous a laissé un message vocal pour finaliser le payement afin que nous puissions expédier votre colis aujourd'hui pour que vous puissiez le recevoir demain avant 13h
Je vous appelle parce que je suis à la maternité Port royal et j'aurai besoin d'un TL.,Nous pouvons vous livrer un TL dès aujourd'hui meme par le billet d'un de nos transporteur. Vous recevrez toutes les tailles et vous serez par la suite assisté par visioconférence pour faire l'installation .
"Je vous ai envoyé une ordonnance, je l'ai daté du 25 , pouvez-vous vérifier si vous l'avez reçu ?","Nous avons bien reçu votre ordonnance , elle sera applicable pour 3 mois"
Comment je vais choisir la taille des téterelles si personne ne viendra?,"Pour la mésure, vous serez assisté en visioconférence par une de nos conseillères , le mamelon doit etr aspiré dans le tetrelle , il ne faut pas qu'il y a un effet frottement contre les parois de la téterelle et il ne faut pas non plus que l'aréole rentre dans la téterelle avec le mamelon mais ne vous en fait pas , vous allez tester avec la conseillère"
Je loue un moon pro actuellement chez vous et ma sage-femme m’a recommandé le modèle Spectra S1 car celui que j'ai ne me convient plus,"Le Spectra est en rupture de stock en ce moment, les quantités sont assez limitées et la demande est très importante.
Nous n'avons pas encore de date de réapprovisionnement à vous communiquer."
J'ai déjà rendu votre TL et je ne comprends pas pourquoi je suis facturé de 5 €,La facture de 5 € corresponds au pain de glace non rendu madame . Je vous envoie un nouveau lien afin que vous puissiez le régler
Dois-je préparer un cheque de caution lors du passage de la conseillère ou non ?,"Non, nous ne faisons plus de caution en soit. La signature du manda SEPA que vous avez fait est déjà pour garantir la semaine de location de 7.50€ en cas de documents manquantes"
On m'a déjà envoyé une étiquette de retour lors de la prolongation. Je peux encore l'utiliser ?,"L'étiquette est valable pour maximum 7 jours , je vous refais une autre"
J’ai un rendez-vous pour une installation en visioconférence et je n’arrive pas à me connecter via le lien reçu par mail. Comment puis-je joindre la conseillère ?,"Merci de rester joignable, s’il vous plaît. Elle vous appellera sur WhatsApp"
Nous avons loué en pharmacie mais ça ne nous convient pas et on souhaite louer chez vous . Peut-on utiliser la meme ordonnance ?,Il faut prendre une nouvelle ordonnance pour une nouvelle location chez nous
est il possible de ne pas envoyer le pain de glace et vous  fait un règlement ?,"bien sur que oui 
un lien de 5€ vous sera envoyé"
faisant un retard d envoi d'ordonnance de prolongation a défaut no disponibilité de médecin y aura t il des frais de retard qui me seront facturés,"non , juste essayer de l avoir le plus rapidement possible et serait mieux nous communiquer une date precise  denvoi"
Est-ce que je reçois un mail quand vous recevrez le tire lait ?,"Non, mais vous pouvez nous recontacter pour vérifier si cela a bien été reçu."
L'étiquette de retour est valable combien de temps ?,Elle est valable 7 jours.
"Est-ce que je dois retourner les petits inserts, les réducteurs quand je vais retourner le tire lait ?","Non, les embouts réducteurs sont à garder."
"C'est mon mari qui a fait la commande, il a mis son nom, est-ce que c'est pas grave ?",On va mettre la fiche à votre nom car la location doit impérativement se faire au nom de la maman.
Qui peut faire les ordonnances de renouvellement ?,"Les sages-femmes, médecins généralistes, les gynécologues ou même le pédiatre du bébé."
"dites moi , ça doit être fait par ma sf obligatoirement mon ordo ou c'est comment parce que là j'aurais de rdv que d'ici très longtemps","ah non non mme pas obligatoirement , ça peut être prescris par votre gynéco , médecin traitant ou même le pédiatre de votre bébé"
mais on m'a dit que c'était gratuit la location pourtant on m'a fait payé 15€ pourquoi?,"effectivement la location est gratuite c'est pris en charge par la sécu , mais les 15€ en fait c'est un reste à charge par rapport à l'achat des kits double payable une seule fois et d'ailleurs remboursable par votre mutuelle"
"J'ai une ordonnance, je suis à la maternité d'André Mignot et j'ai le symphony Medela, je voudrais avoir le meme modèle","Nous n'avons actuellement pas le symphony Medela, cependant, nous avons d'autres modèles disponible qui sont sur la meme gamme de performance. On pourra vous l'expédier par chronopost et vous le réceptionnerez dans le plus bref delais"
"euuh j'ai une question , les téterelles seront livrées avec le tl ou c'est comment ?","et bien oui Mme les téterelles ainsi que le tl seront livrés en même temps , donc chez vous pour ajd ou demain au plus tard"
Je voulais savoir si c'est possible d'avoir un TL dans la matinée ou au plus tard début d'après midi à la maternité St Joseph St Luc,Aucune de nos conseillères n'est de service actuellement mais nous pouvons envoyer le TL par un transporteur pour que vous puissiez le réceptionner dans la journée
"ils m ont volé le tire lait 
model sensitive quoi faire ?",vous faites le paiement de 300€
"300€ a payer pour vol tl est trop pour un model défectueux a la base et ne fonctionne pas correctement 
je souhaite trouver un arrangement plus convenable",envoyer votre demande par mail et elle sera traité par le service concerné
"si je dépose le tl a 6 jours de retard  de la date de l échéance de l'ordonnance et que vous le recevrez un peu plus tard , vous exigez une ordo ?",la date de dépôt du matériel fait foi
"pourquoi vous continuez a me facturer a la caisse  , malgré le dépôt du matériel ?","c'est la dernière semaine de location qui a été facturée , sachant qu on facture la semaine après son écoulement"
Je voudrais retourner les kits mains libre car finalement je ne vais pas en avoir besoin. Il est encore dans son carton d'origine,Vous pouvez nous retourner le matériel à vos frais .Le remboursement se fera dans les 72h après réception et vérification du colis
LE câble d'alimentation qui est légèrement tordu. Il fonctionne très bien mais je préfère vous le signalez,"C’est noté Madame. En cas de besoin ou s’il cesse de fonctionner, je vous en enverrai un autre chargeur"
J’ai été prélevée deux fois du montant de 15 € suite à ma commande de location sur le site,Merci de nous envoyer une capture d’écran de votre application bancaire confirmant le double débit afin que nous procédions au remboursement
J’aimerais savoir si nous pouvons venir recuperer les tire-lait sur place à Neyron car nous habitons à proximité,"Oui, vous pouvez tout à fait venir récupérer le colis directement chez nous.
Il vous suffira simplement de passer votre commande au préalable, soit par téléphone au 09 72 30 37 86, soit via notre site internet en suivant ce lien :
https://tire-lait-express.fr/questionnaire/4-guide-de-location"
Proposez-vous seulement la location de tire-lait ou aussi la vente ?,"Oui, nous proposons des tire-lait à la location ainsi qu’à l’achat pour les particuliers."
"Pourquoi La Poste ne veut-elle pas imprimer l’étiquette, alors que dans l’e-mail il est mentionné que c’est l’automate qui s’en charge, et qu’en plus La Poste refuse de récupérer mon colis","Il faut que vous imprimez l'étiquette de retour, puis le coller sur le cartons, ensuite vous le déposez dans un bureau de poste afin qu'ils nous expédie le colis"
"J'ai loué un TL et la date de fin de l'ordonnance est aujourd'hui je ne sais pas comment procéder, je voudrais changer pour le medela . Je voudrais avoir une taille plus petite","Nous avons bien reçu votre ordonnance à jour depuis hier . Pour l'instant nous n'avons pas encore le médéla en stock mais nous effectuons le mise à jour du lundi au vendredi de 9h-1h. Par rapport à la taille, vous avez reçu avec les kits mains libre toutes les tailles en dessous donc vous pouvez aussi les utiliser avec les kits teterelles classiques, ils sont adaptables"
Je voudrais rendre le TL et est-ce que je dois rendre les kits tetrelles ?,"Les tétrelles ne sont pas à rendre, il suffit de nous renvoyer le TL propre, sac de transport, pain de glace et chargeur éléctrique . Mettre le tout dans un carton, coller le bon de retour et le déposer dans un bureau de poste"
Je vous appelle parce que je veux changer de TL et je voudrais savoir si vous avez le médéla,Le symphony medela est en rupture de stock actuellement. Nous effectuons le MAJ de nos stocks tout les jours de 9h-10h du lundi au vendredi
Le TL est manuelle et j'aimerai le retourner pour prendre un TL avec main libre,"Le kit mains libres est actuellement en rupture de stock. Les quantités disponibles sont limitées et la demande est très élevée.
Nous n’avons pas encore de date précise de réapprovisionnement. Nous vous invitons à nous recontacter ultérieurement afin de vérifier la disponibilité.
Je reste bien entendu à votre disposition pour toute question ou demande complémentaire.
Excellente fin de journée"
"J’ai loué chez vous en 2020 et je n’avais pas eu à payer le kit, qui était gratuit. Pourriez-vous m’expliquer pourquoi il est désormais facturé 15 € ?","Cela faisait partie d’une offre commerciale qui a pris fin à la fin de l’année 2022. Les 15 € correspondent à un reste à charge, qui peut éventuellement être remboursé par votre mutuelle. Dans tous les cas, vous recevrez de notre part une facture acquittée afin de pouvoir effectuer une demande de remboursement."
Est-ce que la visioconférence est obligatoire ?,"Oui, la visioconférence est éxigé par la sécurité sociale"
Est-ce le SEPA est obligatoire meme si je retourne le TL avant les 10 semaines,"Oui, le SEPA est obligatoire. Il faut faire la signature pour valider la commande. Aucune prélèvement ne se fera tant que les documents sont à jour"
Je suis obligée de prendre 2 kits ?,de préférence oui c'est toujours mieux de prendre 2 kits ça vous laissera le choix de tire que seins par seins ou les 2 en même temps mais sinon ça dépends de vous-même
Pourquoi sur le SEPA c'est écrit qu'il y aura un prélèvement tout les mois ?,Le prélèvement c'est pour la semaine de location qui est de 7.50 € en cas de non retour de TL ou si jamais nous n'avons pas les documents
je sais déjà me servir du tl mais la visio là c'est obligatoire svp?,"et bien oui c'est obligatoire , c'est surtout demandé par la sécu afin d'appliquer le tiers-payant"
vous m avez livré la première location un kit gratuit et la pour la deuxième vous demandez 15€ -y a pas de prise en charge caisse,"si avec la prise en charge de la caisse vous ne payez que 15 a la place de 37 , et la 1ere location était en 2019 , on a lancé une offre exceptionnelle pour une période déterminé ou on a offert le kit"
Est-ce que l'ordonnance est valable s'il y a autres prescription?,L'ordonnance doit etre indépendante d'autres prescriptions médicales
J'ai le TL MOON PRO qui s'affiche E3 et ça bip quand j'allume le TL,Inviter à redémarrer le TL et faire la visio
Je voudrais avoir un TL aujourd'hui meme. Est-ce que c'est possible que le transporteur passe ?,"Il s'agit d'une 2ème loc pour le meme bb donc en principe c'est via Chronopost. Exceptionnellement, envoi vélo , la maman a payé le frais + achat des kits téterelles"
"maman souhaite louer une voiture et se déplacer pour rendre le tire lait en main propre , puisque on n a pas une conseillère qui se déplace","malgré qu' une étiquette lui a été envoyé , elle n arrive pas a comprendre comment le renvoyer , il faut l emballer dans un carton et coller l étiquette prépayée et le déposer dans un bureau de poste ou a un point relais"
Je voudrais faire la location du Spéctra S1,"Nous n'avons pas encore le Spectra en stock actuellement. Si vous souhaitez, nous avons le MOON Pro qui a les mêmes fonctionnalités du Spectra. D'ailleurs, c'est le TL que vous avez utilisez pour votre1er bb . Elle va recontacter pour le spectra"
D'ici le 06 janvier je vais changer de mutuelle. Est-ce que je serai pris en charge ?,Il vous suffira de nous envoyer la nouvelle carte mutuelle afin que nous puissions mettre à jour nos documents
